{
  "catalog_name": "ATK Master Cloud Services Cross-Reference",
  "catalog_version": "2025-v2.5",
  "source": "7. Master Reference Cloud Services 2025 v2.5.pdf",
  "generated_at": "2026-01-08T19:40:51.474451+00:00",
  "providers": [
    "aws",
    "azure",
    "gcp",
    "oci"
  ],
  "rows": [
    {
      "domain": "AI and Machine Learning",
      "capability_name": "AI CONTAINERS",
      "capability_id": "ai_and_machine_learning.ai_containers",
      "used_for": "Building, training, deploying, and operating machine learning and AI solutions. Used for container orchestration and container runtime support.",
      "providers": {
        "aws": [
          "Deep Learning Containers"
        ],
        "azure": [
          "GPU support on AKS"
        ],
        "gcp": [
          "Deep Learning Containers"
        ],
        "oci": [
          "Data Science Container Images"
        ]
      }
    },
    {
      "domain": "AI and Machine Learning",
      "capability_name": "AI-POWERED ASSISTANT",
      "capability_id": "ai_and_machine_learning.ai_powered_assistant",
      "used_for": "Building, training, deploying, and operating machine learning and AI solutions.",
      "providers": {
        "aws": [
          "Amazon Q"
        ],
        "azure": [
          "Azure OpenAI Service"
        ],
        "gcp": [
          "Gemini for Google Cloud"
        ],
        "oci": [
          "OCI Generative AI Assistant"
        ]
      }
    },
    {
      "domain": "AI and Machine Learning",
      "capability_name": "HUMAN REVIEW/MODERATION",
      "capability_id": "ai_and_machine_learning.human_review_moderation",
      "used_for": "Building, training, deploying, and operating machine learning and AI solutions.",
      "providers": {
        "aws": [
          "Amazon Augmented AI (A2I)"
        ],
        "azure": [
          "Azure AI Content Safety"
        ],
        "gcp": [],
        "oci": [
          "OCI AI Services (Vision/Text/Language)"
        ]
      }
    },
    {
      "domain": "AI and Machine Learning",
      "capability_name": "CHATBOT BUILDER",
      "capability_id": "ai_and_machine_learning.chatbot_builder",
      "used_for": "Building, training, deploying, and operating machine learning and AI solutions.",
      "providers": {
        "aws": [
          "Amazon Lex"
        ],
        "azure": [
          "Azure Bot Service",
          "Health Bot"
        ],
        "gcp": [
          "Dialogflow"
        ],
        "oci": [
          "Oracle Digital Assistant"
        ]
      }
    },
    {
      "domain": "AI and Machine Learning",
      "capability_name": "DATA LABELING",
      "capability_id": "ai_and_machine_learning.data_labeling",
      "used_for": "Building, training, deploying, and operating machine learning and AI solutions.",
      "providers": {
        "aws": [
          "SageMaker Ground Truth"
        ],
        "azure": [
          "Azure ML Data Labeling"
        ],
        "gcp": [
          "Vertex AI Data Labeling"
        ],
        "oci": [
          "OCI Data Labeling"
        ]
      }
    },
    {
      "domain": "AI and Machine Learning",
      "capability_name": "DOCUMENT EXTRACTION",
      "capability_id": "ai_and_machine_learning.document_extraction",
      "used_for": "Building, training, deploying, and operating machine learning and AI solutions. Used for document extraction, OCR, and document understanding.",
      "providers": {
        "aws": [
          "Amazon Textract"
        ],
        "azure": [
          "Azure Document Intelligence"
        ],
        "gcp": [
          "Document AI"
        ],
        "oci": [
          "OCI Document Understanding"
        ]
      }
    },
    {
      "domain": "AI and Machine Learning",
      "capability_name": "GENERATIVE AI",
      "capability_id": "ai_and_machine_learning.generative_ai",
      "used_for": "Building, training, deploying, and operating machine learning and AI solutions.",
      "providers": {
        "aws": [
          "Amazon Bedrock"
        ],
        "azure": [
          "Azure OpenAI"
        ],
        "gcp": [
          "Vertex AI"
        ],
        "oci": [
          "OCI Generative AI"
        ]
      }
    },
    {
      "domain": "AI and Machine Learning",
      "capability_name": "PLATFORMS",
      "capability_id": "ai_and_machine_learning.platforms",
      "used_for": "Building, training, deploying, and operating machine learning and AI solutions.",
      "providers": {
        "aws": [],
        "azure": [],
        "gcp": [],
        "oci": []
      }
    },
    {
      "domain": "AI and Machine Learning",
      "capability_name": "IMAGE RECOGNITION",
      "capability_id": "ai_and_machine_learning.image_recognition",
      "used_for": "Building, training, deploying, and operating machine learning and AI solutions.",
      "providers": {
        "aws": [
          "Amazon Rekognition"
        ],
        "azure": [
          "Azure AI Vision"
        ],
        "gcp": [
          "Vision AI"
        ],
        "oci": [
          "OCI Vision AI"
        ]
      }
    },
    {
      "domain": "AI and Machine Learning",
      "capability_name": "INFERENCE ACCELERATION",
      "capability_id": "ai_and_machine_learning.inference_acceleration",
      "used_for": "Building, training, deploying, and operating machine learning and AI solutions.",
      "providers": {
        "aws": [
          "AWS Inferentia",
          "Elastic Inference"
        ],
        "azure": [
          "GPU support on AKS"
        ],
        "gcp": [
          "Cloud TPU",
          "Edge TPU"
        ],
        "oci": [
          "OCI AI GPU Instances"
        ]
      }
    },
    {
      "domain": "AI and Machine Learning",
      "capability_name": "LANGUAGE TRANSLATION",
      "capability_id": "ai_and_machine_learning.language_translation",
      "used_for": "Building, training, deploying, and operating machine learning and AI solutions. Used for language translation and localization.",
      "providers": {
        "aws": [
          "Amazon Translate"
        ],
        "azure": [
          "Azure Translator"
        ],
        "gcp": [
          "Translation AI"
        ],
        "oci": [
          "OCI Language Service"
        ]
      }
    },
    {
      "domain": "AI and Machine Learning",
      "capability_name": "ML/AI CHIPS",
      "capability_id": "ai_and_machine_learning.ml_ai_chips",
      "used_for": "Building, training, deploying, and operating machine learning and AI solutions.",
      "providers": {
        "aws": [
          "Inferentia",
          "Trainium"
        ],
        "azure": [
          "Maia 100"
        ],
        "gcp": [
          "Cloud TPU",
          "Trillium TPU"
        ],
        "oci": [
          "NVIDIA A100/H100 GP on OCI"
        ]
      }
    },
    {
      "domain": "AI and Machine Learning",
      "capability_name": "MANAGED ML PLATFORM",
      "capability_id": "ai_and_machine_learning.managed_ml_platform",
      "used_for": "Building, training, deploying, and operating machine learning and AI solutions.",
      "providers": {
        "aws": [
          "Amazon SageMaker"
        ],
        "azure": [
          "Azure Machine Learning"
        ],
        "gcp": [
          "Vertex AI"
        ],
        "oci": [
          "OCI Data Science"
        ]
      }
    },
    {
      "domain": "AI and Machine Learning",
      "capability_name": "NOTEBOOKS",
      "capability_id": "ai_and_machine_learning.notebooks",
      "used_for": "Building, training, deploying, and operating machine learning and AI solutions.",
      "providers": {
        "aws": [
          "EMR Notebooks"
        ],
        "azure": [
          "Azure Notebooks"
        ],
        "gcp": [
          "Vertex AI Workbench",
          "Colab"
        ],
        "oci": [
          "OCI Data Science Notebooks"
        ]
      }
    },
    {
      "domain": "AI and Machine Learning",
      "capability_name": "ONLINE FRAUD DETECTION",
      "capability_id": "ai_and_machine_learning.online_fraud_detection",
      "used_for": "Building, training, deploying, and operating machine learning and AI solutions. Used for fraud/anomaly detection for transactions and behavior.",
      "providers": {
        "aws": [
          "Amazon Fraud Detector"
        ],
        "azure": [
          "Azure Anomaly Detector"
        ],
        "gcp": [
          "reCAPTCHA Enterprise"
        ],
        "oci": [
          "OCI Anomaly Detection"
        ]
      }
    },
    {
      "domain": "AI and Machine Learning",
      "capability_name": "PRECONFIGURED ML VMS",
      "capability_id": "ai_and_machine_learning.preconfigured_ml_vms",
      "used_for": "Building, training, deploying, and operating machine learning and AI solutions.",
      "providers": {
        "aws": [
          "Deep Learning AMIs"
        ],
        "azure": [
          "Data Science VM"
        ],
        "gcp": [
          "Deep Learning VM Image"
        ],
        "oci": [
          "OCI Marketplace ML Images"
        ]
      }
    },
    {
      "domain": "AI and Machine Learning",
      "capability_name": "RECOMMENDATION",
      "capability_id": "ai_and_machine_learning.recommendation",
      "used_for": "Building, training, deploying, and operating machine learning and AI solutions.",
      "providers": {
        "aws": [
          "Amazon"
        ],
        "azure": [
          "Azure AI"
        ],
        "gcp": [
          "Recommendations AI"
        ],
        "oci": [
          "OCI AI Recommendatio"
        ]
      }
    },
    {
      "domain": "AI and Machine Learning",
      "capability_name": "ENGINE",
      "capability_id": "ai_and_machine_learning.engine",
      "used_for": "Building, training, deploying, and operating machine learning and AI solutions.",
      "providers": {
        "aws": [
          "Personalize"
        ],
        "azure": [
          "Personalizer"
        ],
        "gcp": [],
        "oci": [
          "System"
        ]
      }
    },
    {
      "domain": "AI and Machine Learning",
      "capability_name": "SPEECH RECOGNITION/SYNTHESIS",
      "capability_id": "ai_and_machine_learning.speech_recognition_synthesis",
      "used_for": "Building, training, deploying, and operating machine learning and AI solutions. Used for speech recognition and synthesis.",
      "providers": {
        "aws": [
          "Amazon Transcribe",
          "Polly"
        ],
        "azure": [
          "Azure Speech"
        ],
        "gcp": [
          "Speech-to-Text & Text-to-Speech API"
        ],
        "oci": [
          "OCI Speech AI"
        ]
      }
    },
    {
      "domain": "AI and Machine Learning",
      "capability_name": "TEXT ANALYSIS",
      "capability_id": "ai_and_machine_learning.text_analysis",
      "used_for": "Building, training, deploying, and operating machine learning and AI solutions.",
      "providers": {
        "aws": [
          "Amazon Comprehend"
        ],
        "azure": [
          "Azure AI Language"
        ],
        "gcp": [
          "Natural Language API"
        ],
        "oci": [
          "OCI Text AI"
        ]
      }
    },
    {
      "domain": "AI and Machine Learning",
      "capability_name": "TIME-SERIES FORECASTING",
      "capability_id": "ai_and_machine_learning.time_series_forecasting",
      "used_for": "Building, training, deploying, and operating machine learning and AI solutions.",
      "providers": {
        "aws": [
          "Amazon Forecast"
        ],
        "azure": [
          "Azure AutoML Forecasting"
        ],
        "gcp": [
          "TimesFM",
          "Vertex AI Forecasting"
        ],
        "oci": [
          "OCI Forecasting AI"
        ]
      }
    },
    {
      "domain": "AI and Machine Learning",
      "capability_name": "VIDEO ANALYSIS",
      "capability_id": "ai_and_machine_learning.video_analysis",
      "used_for": "Building, training, deploying, and operating machine learning and AI solutions.",
      "providers": {
        "aws": [
          "Rekognition Video"
        ],
        "azure": [
          "Azure Video Indexer"
        ],
        "gcp": [
          "Video Intelligence API"
        ],
        "oci": [
          "OCI Vision AI"
        ]
      }
    },
    {
      "domain": "AI and Machine Learning",
      "capability_name": "VISUAL INSPECTION",
      "capability_id": "ai_and_machine_learning.visual_inspection",
      "used_for": "Building, training, deploying, and operating machine learning and AI solutions.",
      "providers": {
        "aws": [
          "Lookout for Vision"
        ],
        "azure": [
          "Azure Custom Vision"
        ],
        "gcp": [
          "Visual Inspection AI"
        ],
        "oci": [
          "OCI Vision Custom Models"
        ]
      }
    },
    {
      "domain": "Analytics",
      "capability_name": "BIG DATA PROCESSING",
      "capability_id": "analytics.big_data_processing",
      "used_for": "Storing, processing, and analyzing data for reporting, BI, streaming, and large\u2011scale analytics workloads.",
      "providers": {
        "aws": [
          "Amazon EMR",
          "AWS Glue"
        ],
        "azure": [
          "Azure HDIn Lake Analyti"
        ],
        "gcp": [
          "sight",
          "Data cs"
        ],
        "oci": [
          "Dataproc"
        ]
      }
    },
    {
      "domain": "Analytics",
      "capability_name": "BUSINESS ANALYTICS",
      "capability_id": "analytics.business_analytics",
      "used_for": "Storing, processing, and analyzing data for reporting, BI, streaming, and large\u2011scale analytics workloads.",
      "providers": {
        "aws": [
          "Amazon QuickSight",
          "Amazon FinSpace"
        ],
        "azure": [
          "Power BI",
          "A Synapse An Graph Conn"
        ],
        "gcp": [
          "zure alytics",
          "ect"
        ],
        "oci": [
          "Looker",
          "BigQuery BI Engine"
        ]
      }
    },
    {
      "domain": "Analytics",
      "capability_name": "DATA EXPLORATION/CATALOG",
      "capability_id": "analytics.data_exploration_catalog",
      "used_for": "Storing, processing, and analyzing data for reporting, BI, streaming, and large\u2011scale analytics workloads.",
      "providers": {
        "aws": [
          "Amazon Athena",
          "AWS Glue Data Catalog"
        ],
        "azure": [
          "Azure Data Azure Data"
        ],
        "gcp": [
          "Explorer",
          "Catalog"
        ],
        "oci": [
          "Dataplex",
          "Data Catalog"
        ]
      }
    },
    {
      "domain": "Analytics",
      "capability_name": "DATA LAKE CREATION",
      "capability_id": "analytics.data_lake_creation",
      "used_for": "Storing, processing, and analyzing data for reporting, BI, streaming, and large\u2011scale analytics workloads.",
      "providers": {
        "aws": [
          "AWS Lake Formation"
        ],
        "azure": [
          "Azure Data Storage Ge"
        ],
        "gcp": [
          "Lake n2"
        ],
        "oci": [
          "Cloud Storage with Data Lakes"
        ]
      }
    },
    {
      "domain": "Analytics",
      "capability_name": "DATA",
      "capability_id": "analytics.data",
      "used_for": "Storing, processing, and analyzing data for reporting, BI, streaming, and large\u2011scale analytics workloads.",
      "providers": {
        "aws": [
          "AWS Data Exchange"
        ],
        "azure": [
          "Azure Data"
        ],
        "gcp": [
          "Share"
        ],
        "oci": [
          "Analytics Hub"
        ]
      }
    },
    {
      "domain": "Analytics",
      "capability_name": "SHARING/EXCHANGE",
      "capability_id": "analytics.sharing_exchange",
      "used_for": "Storing, processing, and analyzing data for reporting, BI, streaming, and large\u2011scale analytics workloads.",
      "providers": {
        "aws": [
          "Lake Formation",
          "AMB"
        ],
        "azure": [],
        "gcp": [],
        "oci": [
          "Datashare"
        ]
      }
    },
    {
      "domain": "Analytics",
      "capability_name": "DATA STREAMING",
      "capability_id": "analytics.data_streaming",
      "used_for": "Storing, processing, and analyzing data for reporting, BI, streaming, and large\u2011scale analytics workloads. Used for real\u2011time streaming ingestion and processing.",
      "providers": {
        "aws": [
          "Amazon Kinesis",
          "Data Firehose",
          "Kinesis Analytics"
        ],
        "azure": [
          "Azure Strea Analytics",
          "E"
        ],
        "gcp": [
          "m vent Hubs"
        ],
        "oci": [
          "Dataflow",
          "Pub/Sub",
          "Datastream"
        ]
      }
    },
    {
      "domain": "Analytics",
      "capability_name": "DATA WAREHOUSING",
      "capability_id": "analytics.data_warehousing",
      "used_for": "Storing, processing, and analyzing data for reporting, BI, streaming, and large\u2011scale analytics workloads.",
      "providers": {
        "aws": [
          "Amazon Redshift"
        ],
        "azure": [
          "Azure Syna Analytics",
          "A Databricks"
        ],
        "gcp": [
          "pse zure"
        ],
        "oci": [
          "BigQuery"
        ]
      }
    },
    {
      "domain": "Analytics",
      "capability_name": "DATA WRANGLING",
      "capability_id": "analytics.data_wrangling",
      "used_for": "Storing, processing, and analyzing data for reporting, BI, streaming, and large\u2011scale analytics workloads.",
      "providers": {
        "aws": [
          "AWS Glue DataBrew",
          "SageMaker Data Wrangler"
        ],
        "azure": [
          "Azure Data"
        ],
        "gcp": [
          "Factory"
        ],
        "oci": [
          "Dataprep by Trifacta"
        ]
      }
    },
    {
      "domain": "Analytics",
      "capability_name": "ETL",
      "capability_id": "analytics.etl",
      "used_for": "Storing, processing, and analyzing data for reporting, BI, streaming, and large\u2011scale analytics workloads.",
      "providers": {
        "aws": [
          "AWS Glue",
          "AWS Data Pipeline"
        ],
        "azure": [
          "Azure Data Synapse Pip"
        ],
        "gcp": [
          "Factory",
          "elines"
        ],
        "oci": [
          "Dataflow",
          "Cloud Data Fusion"
        ]
      }
    },
    {
      "domain": "Analytics",
      "capability_name": "HOSTED HADOOP/SPARK",
      "capability_id": "analytics.hosted_hadoop_spark",
      "used_for": "Storing, processing, and analyzing data for reporting, BI, streaming, and large\u2011scale analytics workloads.",
      "providers": {
        "aws": [
          "Amazon EMR"
        ],
        "azure": [
          "Azure HDIn"
        ],
        "gcp": [
          "sight"
        ],
        "oci": [
          "Dataproc"
        ]
      }
    },
    {
      "domain": "Analytics",
      "capability_name": "MANAGED KAFKA",
      "capability_id": "analytics.managed_kafka",
      "used_for": "Storing, processing, and analyzing data for reporting, BI, streaming, and large\u2011scale analytics workloads.",
      "providers": {
        "aws": [
          "Amazon MSK (Managed Streaming for Kafka)"
        ],
        "azure": [
          "Azure Event Kafka"
        ],
        "gcp": [
          "Hubs for"
        ],
        "oci": [
          "Confluent Cloud"
        ]
      }
    },
    {
      "domain": "Analytics",
      "capability_name": "MANAGED SEARCH",
      "capability_id": "analytics.managed_search",
      "used_for": "Storing, processing, and analyzing data for reporting, BI, streaming, and large\u2011scale analytics workloads.",
      "providers": {
        "aws": [
          "Amazon OpenSearch",
          "CloudSearch"
        ],
        "azure": [
          "Azure Cogn Search",
          "Bin Search API"
        ],
        "gcp": [
          "itive g Web"
        ],
        "oci": [
          "Cloud Search"
        ]
      }
    },
    {
      "domain": "Analytics",
      "capability_name": "QUERY SERVICE",
      "capability_id": "analytics.query_service",
      "used_for": "Storing, processing, and analyzing data for reporting, BI, streaming, and large\u2011scale analytics workloads.",
      "providers": {
        "aws": [
          "Amazon Athena",
          "Redshift Spectrum"
        ],
        "azure": [
          "Synapse An Azure Data Analytics"
        ],
        "gcp": [
          "alytics",
          "Lake"
        ],
        "oci": [
          "BigQuery SQL"
        ]
      }
    },
    {
      "domain": "Application Integration & Developer Tools",
      "capability_name": "API MANAGEMENT",
      "capability_id": "application_integration_developer_tools.api_management",
      "used_for": "Capability area: Application Integration & Developer Tools. Used for API management, gateways, and developer publishing.",
      "providers": {
        "aws": [
          "Am AW"
        ],
        "azure": [
          "azon AP S AppSy"
        ],
        "gcp": [
          "I Gateway",
          "nc"
        ],
        "oci": [
          "Azure API Management",
          "Azure API Apps"
        ]
      }
    },
    {
      "domain": "Application Integration & Developer Tools",
      "capability_name": "DISTRIBUTED",
      "capability_id": "application_integration_developer_tools.distributed",
      "used_for": "Capability area: Application Integration & Developer Tools.",
      "providers": {
        "aws": [
          "AW"
        ],
        "azure": [
          "S Step F"
        ],
        "gcp": [
          "unctions"
        ],
        "oci": [
          "Azure Logic Apps"
        ]
      }
    },
    {
      "domain": "Application Integration & Developer Tools",
      "capability_name": "COORDINATION",
      "capability_id": "application_integration_developer_tools.coordination",
      "used_for": "Capability area: Application Integration & Developer Tools.",
      "providers": {
        "aws": [
          "Si"
        ],
        "azure": [
          "mple Wor"
        ],
        "gcp": [
          "kflow (SWF)"
        ],
        "oci": [
          "Durable Functions"
        ]
      }
    },
    {
      "domain": "Application Integration & Developer Tools",
      "capability_name": "EVENT HANDLING",
      "capability_id": "application_integration_developer_tools.event_handling",
      "used_for": "Capability area: Application Integration & Developer Tools.",
      "providers": {
        "aws": [
          "Am"
        ],
        "azure": [
          "azon Ev"
        ],
        "gcp": [
          "entBridge"
        ],
        "oci": [
          "Azure Event Grid"
        ]
      }
    },
    {
      "domain": "Application Integration & Developer Tools",
      "capability_name": "INTEGRATION",
      "capability_id": "application_integration_developer_tools.integration",
      "used_for": "Capability area: Application Integration & Developer Tools.",
      "providers": {
        "aws": [
          "AW"
        ],
        "azure": [
          "S AppFl"
        ],
        "gcp": [
          "ow",
          "Step"
        ],
        "oci": [
          "Azure Logic Apps"
        ]
      }
    },
    {
      "domain": "Application Integration & Developer Tools",
      "capability_name": "SERVICE",
      "capability_id": "application_integration_developer_tools.service",
      "used_for": "Capability area: Application Integration & Developer Tools.",
      "providers": {
        "aws": [
          "Fu"
        ],
        "azure": [
          "nctions"
        ],
        "gcp": [],
        "oci": [
          "Data Factory"
        ]
      }
    },
    {
      "domain": "Application Integration & Developer Tools",
      "capability_name": "MESSAGING",
      "capability_id": "application_integration_developer_tools.messaging",
      "used_for": "Capability area: Application Integration & Developer Tools. Used for messaging, pub/sub, queues, and event buses.",
      "providers": {
        "aws": [
          "Am"
        ],
        "azure": [
          "azon SQ"
        ],
        "gcp": [
          "S",
          "SNS",
          "MQ"
        ],
        "oci": [
          "Azure Service Bus",
          "Queue Storage",
          "Web PubSub"
        ]
      }
    },
    {
      "domain": "Application Integration & Developer Tools",
      "capability_name": "SERVICE",
      "capability_id": "application_integration_developer_tools.service",
      "used_for": "Capability area: Application Integration & Developer Tools.",
      "providers": {
        "aws": [
          "AW"
        ],
        "azure": [
          "S Cloud"
        ],
        "gcp": [
          "Map"
        ],
        "oci": [
          "Azure DNS SD"
        ]
      }
    },
    {
      "domain": "Application Integration & Developer Tools",
      "capability_name": "DISCOVERY",
      "capability_id": "application_integration_developer_tools.discovery",
      "used_for": "Capability area: Application Integration & Developer Tools.",
      "providers": {
        "aws": [],
        "azure": [],
        "gcp": [],
        "oci": [
          "(Sphere)",
          "Azure App Configuration"
        ]
      }
    },
    {
      "domain": "Application Integration & Developer Tools",
      "capability_name": "SERVICE MESH",
      "capability_id": "application_integration_developer_tools.service_mesh",
      "used_for": "Capability area: Application Integration & Developer Tools.",
      "providers": {
        "aws": [
          "AW"
        ],
        "azure": [
          "S App M"
        ],
        "gcp": [
          "esh"
        ],
        "oci": [
          "Open Service Mesh (OSM)",
          "AKS"
        ]
      }
    },
    {
      "domain": "Application Integration & Developer Tools",
      "capability_name": "WORKFLOW",
      "capability_id": "application_integration_developer_tools.workflow",
      "used_for": "Capability area: Application Integration & Developer Tools.",
      "providers": {
        "aws": [
          "AW"
        ],
        "azure": [
          "S Mana"
        ],
        "gcp": [
          "ged"
        ],
        "oci": [
          "Azure Data Factory"
        ]
      }
    },
    {
      "domain": "Application Integration & Developer Tools",
      "capability_name": "ORCHESTRATION",
      "capability_id": "application_integration_developer_tools.orchestration",
      "used_for": "Capability area: Application Integration & Developer Tools.",
      "providers": {
        "aws": [
          "W Air Fu"
        ],
        "azure": [
          "orkflows flow (M nctions"
        ],
        "gcp": [
          "for Apache WAA)",
          "Step"
        ],
        "oci": [
          "Logic Apps"
        ]
      }
    },
    {
      "domain": "Application Integration & Developer Tools",
      "capability_name": "Business Applicatio",
      "capability_id": "application_integration_developer_tools.business_applicatio",
      "used_for": "Capability area: Application Integration & Developer Tools.",
      "providers": {
        "aws": [
          "ns"
        ],
        "azure": [],
        "gcp": [],
        "oci": []
      }
    },
    {
      "domain": "Application Integration & Developer Tools",
      "capability_name": "COLLABORATION",
      "capability_id": "application_integration_developer_tools.collaboration",
      "used_for": "Capability area: Application Integration & Developer Tools.",
      "providers": {
        "aws": [],
        "azure": [],
        "gcp": [],
        "oci": [
          "Microsoft 365",
          "Azure"
        ]
      }
    },
    {
      "domain": "Application Integration & Developer Tools",
      "capability_name": "SUITE",
      "capability_id": "application_integration_developer_tools.suite",
      "used_for": "Capability area: Application Integration & Developer Tools.",
      "providers": {
        "aws": [],
        "azure": [],
        "gcp": [],
        "oci": [
          "FluidRelay"
        ]
      }
    },
    {
      "domain": "Application Integration & Developer Tools",
      "capability_name": "DOCUMENT SHARING",
      "capability_id": "application_integration_developer_tools.document_sharing",
      "used_for": "Capability area: Application Integration & Developer Tools. Used for document extraction, OCR, and document understanding.",
      "providers": {
        "aws": [],
        "azure": [
          "Amazon"
        ],
        "gcp": [
          "WorkDocs"
        ],
        "oci": [
          "Microsoft Word (Office Online)"
        ]
      }
    },
    {
      "domain": "Application Integration & Developer Tools",
      "capability_name": "EMAIL AND",
      "capability_id": "application_integration_developer_tools.email_and",
      "used_for": "Capability area: Application Integration & Developer Tools.",
      "providers": {
        "aws": [],
        "azure": [
          "Amazon"
        ],
        "gcp": [
          "WorkMail"
        ],
        "oci": [
          "Microsoft Outlook"
        ]
      }
    },
    {
      "domain": "Application Integration & Developer Tools",
      "capability_name": "CALENDAR",
      "capability_id": "application_integration_developer_tools.calendar",
      "used_for": "Capability area: Application Integration & Developer Tools.",
      "providers": {
        "aws": [],
        "azure": [],
        "gcp": [],
        "oci": []
      }
    },
    {
      "domain": "Application Integration & Developer Tools",
      "capability_name": "LOW-CODE/NO-CODE",
      "capability_id": "application_integration_developer_tools.low_code_no_code",
      "used_for": "Capability area: Application Integration & Developer Tools.",
      "providers": {
        "aws": [],
        "azure": [
          "AWS Am"
        ],
        "gcp": [
          "plify",
          "App"
        ],
        "oci": [
          "Microsoft Power"
        ]
      }
    },
    {
      "domain": "Application Integration & Developer Tools",
      "capability_name": "TOOLS",
      "capability_id": "application_integration_developer_tools.tools",
      "used_for": "Capability area: Application Integration & Developer Tools.",
      "providers": {
        "aws": [],
        "azure": [
          "Runner"
        ],
        "gcp": [
          "QuickSight"
        ],
        "oci": [
          "Apps"
        ]
      }
    },
    {
      "domain": "Application Integration & Developer Tools",
      "capability_name": "VIDEO CALLS AND",
      "capability_id": "application_integration_developer_tools.video_calls_and",
      "used_for": "Capability area: Application Integration & Developer Tools.",
      "providers": {
        "aws": [],
        "azure": [
          "Amazon"
        ],
        "gcp": [
          "Chime"
        ],
        "oci": [
          "Microsoft Teams"
        ]
      }
    },
    {
      "domain": "Application Integration & Developer Tools",
      "capability_name": "CHAT",
      "capability_id": "application_integration_developer_tools.chat",
      "used_for": "Capability area: Application Integration & Developer Tools.",
      "providers": {
        "aws": [],
        "azure": [],
        "gcp": [],
        "oci": []
      }
    },
    {
      "domain": "Application Integration & Developer Tools",
      "capability_name": "VOICE ASSISTANT",
      "capability_id": "application_integration_developer_tools.voice_assistant",
      "used_for": "Capability area: Application Integration & Developer Tools.",
      "providers": {
        "aws": [],
        "azure": [
          "Amazon Amazon"
        ],
        "gcp": [
          "Alexa",
          "Lex"
        ],
        "oci": [
          "Azure AI Speech"
        ]
      }
    },
    {
      "domain": "Compute",
      "capability_name": "AUTOSCALING",
      "capability_id": "compute.autoscaling",
      "used_for": "Running application workloads using VMs, containers, serverless, and edge compute options.",
      "providers": {
        "aws": [],
        "azure": [
          "EC2 Auto Scaling",
          "AW Auto Scaling"
        ],
        "gcp": [
          "S"
        ],
        "oci": [
          "Virtual Machine Scale Sets",
          "Autoscale"
        ]
      }
    },
    {
      "domain": "Compute",
      "capability_name": "BATCH PROCESSING",
      "capability_id": "compute.batch_processing",
      "used_for": "Running application workloads using VMs, containers, serverless, and edge compute options.",
      "providers": {
        "aws": [],
        "azure": [
          "AWS Batch"
        ],
        "gcp": [],
        "oci": [
          "Azure Batch"
        ]
      }
    },
    {
      "domain": "Compute",
      "capability_name": "HYBRID/EXTENDED",
      "capability_id": "compute.hybrid_extended",
      "used_for": "Running application workloads using VMs, containers, serverless, and edge compute options.",
      "providers": {
        "aws": [],
        "azure": [
          "AWS Outposts",
          "ECS"
        ],
        "gcp": [],
        "oci": [
          "Azure Stack"
        ]
      }
    },
    {
      "domain": "Compute",
      "capability_name": "INFRA",
      "capability_id": "compute.infra",
      "used_for": "Running application workloads using VMs, containers, serverless, and edge compute options.",
      "providers": {
        "aws": [],
        "azure": [
          "Anywhere",
          "EKS Anywhere"
        ],
        "gcp": [],
        "oci": []
      }
    },
    {
      "domain": "Compute",
      "capability_name": "SERVERLESS",
      "capability_id": "compute.serverless",
      "used_for": "Running application workloads using VMs, containers, serverless, and edge compute options. Used for event\u2011driven serverless compute and functions.",
      "providers": {
        "aws": [],
        "azure": [
          "AWS Lambda"
        ],
        "gcp": [],
        "oci": [
          "Azure Functions"
        ]
      }
    },
    {
      "domain": "Compute",
      "capability_name": "COMPUTE",
      "capability_id": "compute.compute",
      "used_for": "Running application workloads using VMs, containers, serverless, and edge compute options.",
      "providers": {
        "aws": [],
        "azure": [],
        "gcp": [],
        "oci": []
      }
    },
    {
      "domain": "Compute",
      "capability_name": "HPC MANAGEMENT",
      "capability_id": "compute.hpc_management",
      "used_for": "Running application workloads using VMs, containers, serverless, and edge compute options.",
      "providers": {
        "aws": [],
        "azure": [
          "AWS ParallelCluster"
        ],
        "gcp": [],
        "oci": [
          "Azure CycleCloud"
        ]
      }
    },
    {
      "domain": "Compute",
      "capability_name": "DEDICATED SERVERS",
      "capability_id": "compute.dedicated_servers",
      "used_for": "Running application workloads using VMs, containers, serverless, and edge compute options.",
      "providers": {
        "aws": [],
        "azure": [
          "EC2 Dedicated Hosts"
        ],
        "gcp": [],
        "oci": [
          "Azure Dedicated Host"
        ]
      }
    },
    {
      "domain": "Compute",
      "capability_name": "PAAS WEB HOSTING",
      "capability_id": "compute.paas_web_hosting",
      "used_for": "Running application workloads using VMs, containers, serverless, and edge compute options.",
      "providers": {
        "aws": [],
        "azure": [
          "Elastic Beanstalk",
          "Lightsail"
        ],
        "gcp": [],
        "oci": [
          "Azure App Service"
        ]
      }
    },
    {
      "domain": "Compute",
      "capability_name": "QUANTUM",
      "capability_id": "compute.quantum",
      "used_for": "Running application workloads using VMs, containers, serverless, and edge compute options.",
      "providers": {
        "aws": [],
        "azure": [
          "Amazon Braket"
        ],
        "gcp": [],
        "oci": [
          "Azure Quantum"
        ]
      }
    },
    {
      "domain": "Compute",
      "capability_name": "COMPUTING",
      "capability_id": "compute.computing",
      "used_for": "Running application workloads using VMs, containers, serverless, and edge compute options.",
      "providers": {
        "aws": [],
        "azure": [],
        "gcp": [],
        "oci": []
      }
    },
    {
      "domain": "Compute",
      "capability_name": "VIRTUAL MACHINES",
      "capability_id": "compute.virtual_machines",
      "used_for": "Running application workloads using VMs, containers, serverless, and edge compute options.",
      "providers": {
        "aws": [],
        "azure": [
          "EC2"
        ],
        "gcp": [],
        "oci": [
          "Azure Virtual Machines"
        ]
      }
    },
    {
      "domain": "Compute",
      "capability_name": "VM IMAGE BUILDER",
      "capability_id": "compute.vm_image_builder",
      "used_for": "Running application workloads using VMs, containers, serverless, and edge compute options.",
      "providers": {
        "aws": [],
        "azure": [
          "EC2 Image Builder"
        ],
        "gcp": [],
        "oci": [
          "Azure VM Image Builder"
        ]
      }
    },
    {
      "domain": "Compute",
      "capability_name": "VMWARE",
      "capability_id": "compute.vmware",
      "used_for": "Running application workloads using VMs, containers, serverless, and edge compute options.",
      "providers": {
        "aws": [],
        "azure": [
          "VMware Cloud on AW"
        ],
        "gcp": [
          "S"
        ],
        "oci": [
          "Azure VMware"
        ]
      }
    },
    {
      "domain": "Compute",
      "capability_name": "INTEGRATION",
      "capability_id": "compute.integration",
      "used_for": "Running application workloads using VMs, containers, serverless, and edge compute options.",
      "providers": {
        "aws": [],
        "azure": [],
        "gcp": [],
        "oci": [
          "Solution"
        ]
      }
    },
    {
      "domain": "Compute",
      "capability_name": "Containers",
      "capability_id": "compute.containers",
      "used_for": "Running application workloads using VMs, containers, serverless, and edge compute options. Used for container orchestration and container runtime support.",
      "providers": {
        "aws": [],
        "azure": [],
        "gcp": [],
        "oci": []
      }
    },
    {
      "domain": "Compute",
      "capability_name": "CONTAINER",
      "capability_id": "compute.container",
      "used_for": "Running application workloads using VMs, containers, serverless, and edge compute options. Used for container orchestration and container runtime support.",
      "providers": {
        "aws": [
          "App"
        ],
        "azure": [
          "2Container (A2C)"
        ],
        "gcp": [
          "Azure"
        ],
        "oci": [
          "Migrate Migrate"
        ]
      }
    },
    {
      "domain": "Compute",
      "capability_name": "MIGRATION",
      "capability_id": "compute.migration",
      "used_for": "Running application workloads using VMs, containers, serverless, and edge compute options.",
      "providers": {
        "aws": [],
        "azure": [],
        "gcp": [],
        "oci": [
          "Contain"
        ]
      }
    },
    {
      "domain": "Compute",
      "capability_name": "CONTAINER",
      "capability_id": "compute.container",
      "used_for": "Running application workloads using VMs, containers, serverless, and edge compute options. Used for container orchestration and container runtime support.",
      "providers": {
        "aws": [
          "Am"
        ],
        "azure": [
          "azon ECR",
          "AWS"
        ],
        "gcp": [
          "Azure"
        ],
        "oci": [
          "Container Artifact"
        ]
      }
    },
    {
      "domain": "Compute",
      "capability_name": "REGISTRY",
      "capability_id": "compute.registry",
      "used_for": "Running application workloads using VMs, containers, serverless, and edge compute options.",
      "providers": {
        "aws": [
          "Cod"
        ],
        "azure": [
          "eArtifact"
        ],
        "gcp": [
          "Registr"
        ],
        "oci": [
          "y"
        ]
      }
    },
    {
      "domain": "Compute",
      "capability_name": "MANAGED",
      "capability_id": "compute.managed",
      "used_for": "Running application workloads using VMs, containers, serverless, and edge compute options.",
      "providers": {
        "aws": [
          "ECS"
        ],
        "azure": [
          "AWS Copilot"
        ],
        "gcp": [
          "Azure"
        ],
        "oci": [
          "Container \u2014"
        ]
      }
    },
    {
      "domain": "Compute",
      "capability_name": "CONTAINERS",
      "capability_id": "compute.containers",
      "used_for": "Running application workloads using VMs, containers, serverless, and edge compute options. Used for container orchestration and container runtime support.",
      "providers": {
        "aws": [],
        "azure": [],
        "gcp": [
          "Apps"
        ],
        "oci": []
      }
    },
    {
      "domain": "Compute",
      "capability_name": "MANAGED",
      "capability_id": "compute.managed",
      "used_for": "Running application workloads using VMs, containers, serverless, and edge compute options.",
      "providers": {
        "aws": [
          "Am"
        ],
        "azure": [
          "azon EKS"
        ],
        "gcp": [
          "Azure"
        ],
        "oci": [
          "Kubernetes Google"
        ]
      }
    },
    {
      "domain": "Compute",
      "capability_name": "KUBERNETES",
      "capability_id": "compute.kubernetes",
      "used_for": "Running application workloads using VMs, containers, serverless, and edge compute options.",
      "providers": {
        "aws": [],
        "azure": [],
        "gcp": [
          "Service"
        ],
        "oci": [
          "(AKS) Engine"
        ]
      }
    },
    {
      "domain": "Compute",
      "capability_name": "SERVERLESS",
      "capability_id": "compute.serverless",
      "used_for": "Running application workloads using VMs, containers, serverless, and edge compute options. Used for event\u2011driven serverless compute and functions.",
      "providers": {
        "aws": [
          "AW"
        ],
        "azure": [
          "S Fargate",
          "App"
        ],
        "gcp": [
          "Azure"
        ],
        "oci": [
          "Container Cloud R"
        ]
      }
    },
    {
      "domain": "Compute",
      "capability_name": "CONTAINERS",
      "capability_id": "compute.containers",
      "used_for": "Running application workloads using VMs, containers, serverless, and edge compute options. Used for container orchestration and container runtime support.",
      "providers": {
        "aws": [
          "Run"
        ],
        "azure": [
          "ner"
        ],
        "gcp": [
          "Instan"
        ],
        "oci": [
          "ces"
        ]
      }
    },
    {
      "domain": "Cost Controls",
      "capability_name": "ARCHITECTURE REVIEW",
      "capability_id": "cost_controls.architecture_review",
      "used_for": "Capability area: Cost Controls.",
      "providers": {
        "aws": [
          "AWS Well- Architected Tool"
        ],
        "azure": [],
        "gcp": [
          "Azure Well- Architected Review"
        ],
        "oci": [
          "A F"
        ]
      }
    },
    {
      "domain": "Cost Controls",
      "capability_name": "BILLING AND",
      "capability_id": "cost_controls.billing_and",
      "used_for": "Capability area: Cost Controls.",
      "providers": {
        "aws": [
          "AWS Budgets",
          "A"
        ],
        "azure": [
          "WS"
        ],
        "gcp": [
          "Microsoft Cost"
        ],
        "oci": [
          "C"
        ]
      }
    },
    {
      "domain": "Cost Controls",
      "capability_name": "BUDGETING TOOLS",
      "capability_id": "cost_controls.budgeting_tools",
      "used_for": "Capability area: Cost Controls.",
      "providers": {
        "aws": [
          "Cost and Usage Reports (CUR)"
        ],
        "azure": [],
        "gcp": [
          "Management"
        ],
        "oci": [
          "A"
        ]
      }
    },
    {
      "domain": "Cost Controls",
      "capability_name": "OPTIMIZATION &",
      "capability_id": "cost_controls.optimization",
      "used_for": "Capability area: Cost Controls.",
      "providers": {
        "aws": [
          "AWS Trusted"
        ],
        "azure": [],
        "gcp": [
          "Azure Advisor"
        ],
        "oci": [
          "R"
        ]
      }
    },
    {
      "domain": "Cost Controls",
      "capability_name": "RECOMMENDATIONS",
      "capability_id": "cost_controls.recommendations",
      "used_for": "Capability area: Cost Controls.",
      "providers": {
        "aws": [
          "Advisor",
          "Comput Optimizer"
        ],
        "azure": [
          "e"
        ],
        "gcp": [],
        "oci": []
      }
    },
    {
      "domain": "Cost Controls",
      "capability_name": "COMMITMENT",
      "capability_id": "cost_controls.commitment",
      "used_for": "Capability area: Cost Controls.",
      "providers": {
        "aws": [
          "EC2 Reserved"
        ],
        "azure": [],
        "gcp": [
          "Azure"
        ],
        "oci": [
          "C"
        ]
      }
    },
    {
      "domain": "Cost Controls",
      "capability_name": "DISCOUNTS I",
      "capability_id": "cost_controls.discounts_i",
      "used_for": "Capability area: Cost Controls.",
      "providers": {
        "aws": [
          "nstances",
          "Comp Savings Plans"
        ],
        "azure": [
          "ute"
        ],
        "gcp": [
          "Reservations",
          "Savings Plans"
        ],
        "oci": []
      }
    },
    {
      "domain": "Cost Controls",
      "capability_name": "SPOT/PREEMPTIBLE VMS",
      "capability_id": "cost_controls.spot_preemptible_vms",
      "used_for": "Capability area: Cost Controls.",
      "providers": {
        "aws": [
          "Amazon EC2 Spo"
        ],
        "azure": [
          "t"
        ],
        "gcp": [
          "Azure Spot Virtual"
        ],
        "oci": []
      }
    },
    {
      "domain": "Cost Controls",
      "capability_name": "I",
      "capability_id": "cost_controls.i",
      "used_for": "Capability area: Cost Controls.",
      "providers": {
        "aws": [
          "nstances"
        ],
        "azure": [],
        "gcp": [
          "Machines"
        ],
        "oci": [
          "V"
        ]
      }
    },
    {
      "domain": "Cost Controls",
      "capability_name": "COST ANOMALY",
      "capability_id": "cost_controls.cost_anomaly",
      "used_for": "Capability area: Cost Controls.",
      "providers": {
        "aws": [
          "AWS Cost Anom"
        ],
        "azure": [
          "aly"
        ],
        "gcp": [
          "Microsoft Cost"
        ],
        "oci": [
          "R"
        ]
      }
    },
    {
      "domain": "Cost Controls",
      "capability_name": "DETECTION",
      "capability_id": "cost_controls.detection",
      "used_for": "Capability area: Cost Controls.",
      "providers": {
        "aws": [
          "Detection"
        ],
        "azure": [],
        "gcp": [
          "Management Alerts"
        ],
        "oci": []
      }
    },
    {
      "domain": "Cost Controls",
      "capability_name": "Databases",
      "capability_id": "cost_controls.databases",
      "used_for": "Capability area: Cost Controls.",
      "providers": {
        "aws": [],
        "azure": [],
        "gcp": [],
        "oci": []
      }
    },
    {
      "domain": "Cost Controls",
      "capability_name": "CATEGORY AWS SE",
      "capability_id": "cost_controls.category_aws_se",
      "used_for": "Capability area: Cost Controls.",
      "providers": {
        "aws": [
          "RVICE"
        ],
        "azure": [
          "AZUR"
        ],
        "gcp": [
          "E EQUIVALENT"
        ],
        "oci": []
      }
    },
    {
      "domain": "Cost Controls",
      "capability_name": "BLOCKCHAIN Amazon",
      "capability_id": "cost_controls.blockchain_amazon",
      "used_for": "Capability area: Cost Controls.",
      "providers": {
        "aws": [
          "Managed"
        ],
        "azure": [
          "Azure"
        ],
        "gcp": [
          "Confidential"
        ],
        "oci": []
      }
    },
    {
      "domain": "Cost Controls",
      "capability_name": "Blockcha",
      "capability_id": "cost_controls.blockcha",
      "used_for": "Capability area: Cost Controls.",
      "providers": {
        "aws": [
          "in",
          "QLDB"
        ],
        "azure": [
          "Ledge"
        ],
        "gcp": [
          "r"
        ],
        "oci": []
      }
    },
    {
      "domain": "Cost Controls",
      "capability_name": "IN-MEMORY Amazon",
      "capability_id": "cost_controls.in_memory_amazon",
      "used_for": "Capability area: Cost Controls.",
      "providers": {
        "aws": [
          "ElastiCache"
        ],
        "azure": [
          "Azure"
        ],
        "gcp": [
          "Cache for Redis"
        ],
        "oci": []
      }
    },
    {
      "domain": "Cost Controls",
      "capability_name": "CACHE Amazon",
      "capability_id": "cost_controls.cache_amazon",
      "used_for": "Capability area: Cost Controls.",
      "providers": {
        "aws": [
          "MemoryDB"
        ],
        "azure": [],
        "gcp": [],
        "oci": []
      }
    },
    {
      "domain": "Cost Controls",
      "capability_name": "NOSQL Amazon",
      "capability_id": "cost_controls.nosql_amazon",
      "used_for": "Capability area: Cost Controls.",
      "providers": {
        "aws": [
          "Keyspaces"
        ],
        "azure": [
          "Azure"
        ],
        "gcp": [
          "Cosmos DB"
        ],
        "oci": []
      }
    },
    {
      "domain": "Cost Controls",
      "capability_name": "(COLUMN- (for Cass",
      "capability_id": "cost_controls.column_for_cass",
      "used_for": "Capability area: Cost Controls.",
      "providers": {
        "aws": [
          "andra)"
        ],
        "azure": [],
        "gcp": [],
        "oci": []
      }
    },
    {
      "domain": "Cost Controls",
      "capability_name": "FAMILY)",
      "capability_id": "cost_controls.family",
      "used_for": "Capability area: Cost Controls.",
      "providers": {
        "aws": [],
        "azure": [],
        "gcp": [],
        "oci": []
      }
    },
    {
      "domain": "Cost Controls",
      "capability_name": "NOSQL Amazon",
      "capability_id": "cost_controls.nosql_amazon",
      "used_for": "Capability area: Cost Controls.",
      "providers": {
        "aws": [
          "DocumentDB"
        ],
        "azure": [
          "Cosm"
        ],
        "gcp": [
          "os DB"
        ],
        "oci": []
      }
    },
    {
      "domain": "Cost Controls",
      "capability_name": "(DOCUMENT)",
      "capability_id": "cost_controls.document",
      "used_for": "Capability area: Cost Controls. Used for document extraction, OCR, and document understanding.",
      "providers": {
        "aws": [],
        "azure": [],
        "gcp": [],
        "oci": []
      }
    },
    {
      "domain": "Cost Controls",
      "capability_name": "NOSQL (GRAPH) Amazon",
      "capability_id": "cost_controls.nosql_graph_amazon",
      "used_for": "Capability area: Cost Controls.",
      "providers": {
        "aws": [
          "Neptune"
        ],
        "azure": [
          "Cosm"
        ],
        "gcp": [
          "os DB (Gremlin API)"
        ],
        "oci": []
      }
    },
    {
      "domain": "Cost Controls",
      "capability_name": "NOSQL (KEY- Amazon",
      "capability_id": "cost_controls.nosql_key_amazon",
      "used_for": "Capability area: Cost Controls.",
      "providers": {
        "aws": [
          "DynamoDB"
        ],
        "azure": [
          "Cosm"
        ],
        "gcp": [
          "os DB"
        ],
        "oci": []
      }
    },
    {
      "domain": "Cost Controls",
      "capability_name": "VALUE)",
      "capability_id": "cost_controls.value",
      "used_for": "Capability area: Cost Controls.",
      "providers": {
        "aws": [],
        "azure": [],
        "gcp": [],
        "oci": []
      }
    },
    {
      "domain": "Cost Controls",
      "capability_name": "RELATIONAL RDS, Am",
      "capability_id": "cost_controls.relational_rds_am",
      "used_for": "Capability area: Cost Controls.",
      "providers": {
        "aws": [
          "azon Aurora"
        ],
        "azure": [
          "Azure"
        ],
        "gcp": [
          "SQL Database"
        ],
        "oci": []
      }
    },
    {
      "domain": "Cost Controls",
      "capability_name": "(RDBMS) Amazon",
      "capability_id": "cost_controls.rdbms_amazon",
      "used_for": "Capability area: Cost Controls.",
      "providers": {
        "aws": [
          "Redshift"
        ],
        "azure": [
          "Postgr Synap"
        ],
        "gcp": [
          "eSQL",
          "MariaDB",
          "se"
        ],
        "oci": []
      }
    },
    {
      "domain": "IoT",
      "capability_name": "APP",
      "capability_id": "iot.app",
      "used_for": "Capability area: IoT.",
      "providers": {
        "aws": [],
        "azure": [
          "AW"
        ],
        "gcp": [
          "S AppConfig"
        ],
        "oci": [
          "A"
        ]
      }
    },
    {
      "domain": "IoT",
      "capability_name": "CONFIGURATION",
      "capability_id": "iot.configuration",
      "used_for": "Capability area: IoT.",
      "providers": {
        "aws": [],
        "azure": [],
        "gcp": [],
        "oci": [
          "C"
        ]
      }
    },
    {
      "domain": "IoT",
      "capability_name": "ARTIFACT",
      "capability_id": "iot.artifact",
      "used_for": "Capability area: IoT.",
      "providers": {
        "aws": [],
        "azure": [
          "AW"
        ],
        "gcp": [
          "S CodeArtifact"
        ],
        "oci": [
          "A"
        ]
      }
    },
    {
      "domain": "IoT",
      "capability_name": "MANAGEMENT",
      "capability_id": "iot.management",
      "used_for": "Capability area: IoT.",
      "providers": {
        "aws": [],
        "azure": [],
        "gcp": [],
        "oci": []
      }
    },
    {
      "domain": "IoT",
      "capability_name": "CI/CD",
      "capability_id": "iot.ci_cd",
      "used_for": "Capability area: IoT.",
      "providers": {
        "aws": [],
        "azure": [
          "Cod Cod"
        ],
        "gcp": [
          "ePipeline",
          "eBuild",
          "CodeDeploy"
        ],
        "oci": [
          "A A"
        ]
      }
    },
    {
      "domain": "IoT",
      "capability_name": "CLI TOOLS",
      "capability_id": "iot.cli_tools",
      "used_for": "Capability area: IoT.",
      "providers": {
        "aws": [],
        "azure": [
          "AW"
        ],
        "gcp": [
          "S CLI"
        ],
        "oci": [
          "A"
        ]
      }
    },
    {
      "domain": "IoT",
      "capability_name": "CODE DEBUGGING",
      "capability_id": "iot.code_debugging",
      "used_for": "Capability area: IoT.",
      "providers": {
        "aws": [],
        "azure": [
          "AW"
        ],
        "gcp": [
          "S X-Ray"
        ],
        "oci": [
          "A In"
        ]
      }
    },
    {
      "domain": "IoT",
      "capability_name": "SDKS AND DEV",
      "capability_id": "iot.sdks_and_dev",
      "used_for": "Capability area: IoT.",
      "providers": {
        "aws": [],
        "azure": [
          "AW"
        ],
        "gcp": [
          "S SDKs",
          "CDK"
        ],
        "oci": [
          "A"
        ]
      }
    },
    {
      "domain": "IoT",
      "capability_name": "KITS",
      "capability_id": "iot.kits",
      "used_for": "Capability area: IoT.",
      "providers": {
        "aws": [],
        "azure": [
          "Cor"
        ],
        "gcp": [
          "retto"
        ],
        "oci": []
      }
    },
    {
      "domain": "IoT",
      "capability_name": "GIT REPOSITORIES",
      "capability_id": "iot.git_repositories",
      "used_for": "Capability area: IoT.",
      "providers": {
        "aws": [],
        "azure": [
          "AW"
        ],
        "gcp": [
          "S CodeCommit"
        ],
        "oci": [
          "A"
        ]
      }
    },
    {
      "domain": "IoT",
      "capability_name": "WEB/MOBILE APP",
      "capability_id": "iot.web_mobile_app",
      "used_for": "Capability area: IoT.",
      "providers": {
        "aws": [],
        "azure": [
          "AW"
        ],
        "gcp": [
          "S Amplify"
        ],
        "oci": [
          "A"
        ]
      }
    },
    {
      "domain": "IoT",
      "capability_name": "DEV",
      "capability_id": "iot.dev",
      "used_for": "Capability area: IoT.",
      "providers": {
        "aws": [],
        "azure": [],
        "gcp": [],
        "oci": [
          "A P"
        ]
      }
    },
    {
      "domain": "IoT",
      "capability_name": "POWERSHELL",
      "capability_id": "iot.powershell",
      "used_for": "Capability area: IoT.",
      "providers": {
        "aws": [],
        "azure": [
          "AW Pow"
        ],
        "gcp": [
          "S Tools for erShell"
        ],
        "oci": [
          "A"
        ]
      }
    },
    {
      "domain": "IoT",
      "capability_name": "SCHEDULING",
      "capability_id": "iot.scheduling",
      "used_for": "Capability area: IoT.",
      "providers": {
        "aws": [],
        "azure": [
          "Am Clo"
        ],
        "gcp": [
          "azon EventBridge",
          "udWatch Events"
        ],
        "oci": [
          "A"
        ]
      }
    },
    {
      "domain": "IoT",
      "capability_name": "TESTING",
      "capability_id": "iot.testing",
      "used_for": "Capability area: IoT.",
      "providers": {
        "aws": [],
        "azure": [
          "AW Fau (FIS"
        ],
        "gcp": [
          "S Device Farm",
          "AWS lt Injection Service )"
        ],
        "oci": [
          "A A"
        ]
      }
    },
    {
      "domain": "IoT",
      "capability_name": "IoT",
      "capability_id": "iot.iot",
      "used_for": "Capability area: IoT. Used for device management, telemetry ingestion, and IoT platforms.",
      "providers": {
        "aws": [],
        "azure": [],
        "gcp": [],
        "oci": []
      }
    },
    {
      "domain": "IoT",
      "capability_name": "DEVICE",
      "capability_id": "iot.device",
      "used_for": "Capability area: IoT.",
      "providers": {
        "aws": [
          "A"
        ],
        "azure": [
          "WS"
        ],
        "gcp": [
          "IoT Core",
          "IoT Device"
        ],
        "oci": []
      }
    },
    {
      "domain": "IoT",
      "capability_name": "CONNECTIVITY",
      "capability_id": "iot.connectivity",
      "used_for": "Capability area: IoT.",
      "providers": {
        "aws": [
          "M"
        ],
        "azure": [
          "ana"
        ],
        "gcp": [
          "gement",
          "SiteWise"
        ],
        "oci": []
      }
    },
    {
      "domain": "IoT",
      "capability_name": "EDGE",
      "capability_id": "iot.edge",
      "used_for": "Capability area: IoT.",
      "providers": {
        "aws": [
          "A"
        ],
        "azure": [
          "WS"
        ],
        "gcp": [
          "IoT Greengrass"
        ],
        "oci": []
      }
    },
    {
      "domain": "IoT",
      "capability_name": "COMPUTING",
      "capability_id": "iot.computing",
      "used_for": "Capability area: IoT.",
      "providers": {
        "aws": [],
        "azure": [],
        "gcp": [],
        "oci": []
      }
    },
    {
      "domain": "IoT Security",
      "capability_name": "ANOMALY DETECTION",
      "capability_id": "iot_security.anomaly_detection",
      "used_for": "Protecting workloads and data through identity, encryption, threat detection, monitoring, and policy enforcement.",
      "providers": {
        "aws": [
          "Amazon Looko Metrics",
          "Cloud Anomaly"
        ],
        "azure": [
          "ut for Watch"
        ],
        "gcp": [
          "Azure AI Ano Detector"
        ],
        "oci": [
          "maly"
        ]
      }
    },
    {
      "domain": "IoT Security",
      "capability_name": "APP/DATA CATALOG",
      "capability_id": "iot_security.app_data_catalog",
      "used_for": "Protecting workloads and data through identity, encryption, threat detection, monitoring, and policy enforcement.",
      "providers": {
        "aws": [
          "AWS Service Catalog",
          "AWS Data Catalog"
        ],
        "azure": [
          "Glue"
        ],
        "gcp": [
          "Azure Bluepri Azure Manag Apps",
          "Data Ca"
        ],
        "oci": [
          "nts",
          "ed talog"
        ]
      }
    },
    {
      "domain": "IoT Security",
      "capability_name": "AUTOMATION/ORCHESTRATION",
      "capability_id": "iot_security.automation_orchestration",
      "used_for": "Protecting workloads and data through identity, encryption, threat detection, monitoring, and policy enforcement.",
      "providers": {
        "aws": [
          "AWS CloudFormatio OpsWorks",
          "Pro"
        ],
        "azure": [
          "n",
          "ton"
        ],
        "gcp": [
          "Azure Resour Manager",
          "Azu Automation"
        ],
        "oci": [
          "ce re Bicep"
        ]
      }
    },
    {
      "domain": "IoT Security",
      "capability_name": "CONFIG MANAGEMENT",
      "capability_id": "iot_security.config_management",
      "used_for": "Protecting workloads and data through identity, encryption, threat detection, monitoring, and policy enforcement.",
      "providers": {
        "aws": [
          "AWS Config"
        ],
        "azure": [],
        "gcp": [
          "Azure App Configuration Azure Policy"
        ],
        "oci": []
      }
    },
    {
      "domain": "IoT Security",
      "capability_name": "MONITORING",
      "capability_id": "iot_security.monitoring",
      "used_for": "Protecting workloads and data through identity, encryption, threat detection, monitoring, and policy enforcement. Used for monitoring, metrics, and alerting.",
      "providers": {
        "aws": [
          "Amazon Cloud"
        ],
        "azure": [
          "Watch"
        ],
        "gcp": [
          "Azure Monito Log Analytics"
        ],
        "oci": [
          "r"
        ]
      }
    },
    {
      "domain": "IoT Security",
      "capability_name": "HEALTH DASHBOARDS",
      "capability_id": "iot_security.health_dashboards",
      "used_for": "Protecting workloads and data through identity, encryption, threat detection, monitoring, and policy enforcement.",
      "providers": {
        "aws": [
          "AWS Health Dashboard"
        ],
        "azure": [],
        "gcp": [
          "Azure Resour Health",
          "Azure Service Healt"
        ],
        "oci": [
          "ce h"
        ]
      }
    },
    {
      "domain": "IoT Security",
      "capability_name": "HYBRID/MULTI-CLOUD MGMT",
      "capability_id": "iot_security.hybrid_multi_cloud_mgmt",
      "used_for": "Protecting workloads and data through identity, encryption, threat detection, monitoring, and policy enforcement.",
      "providers": {
        "aws": [
          "AWS Outposts Anywhere",
          "Co Tower"
        ],
        "azure": [
          "ECS ntrol"
        ],
        "gcp": [
          "Azure Arc",
          "Az Stack"
        ],
        "oci": [
          "ure"
        ]
      }
    },
    {
      "domain": "IoT Security",
      "capability_name": "LICENSE MANAGEMENT",
      "capability_id": "iot_security.license_management",
      "used_for": "Protecting workloads and data through identity, encryption, threat detection, monitoring, and policy enforcement.",
      "providers": {
        "aws": [
          "AWS License Manager"
        ],
        "azure": [],
        "gcp": [],
        "oci": []
      }
    },
    {
      "domain": "IoT Security",
      "capability_name": "LOGGING",
      "capability_id": "iot_security.logging",
      "used_for": "Protecting workloads and data through identity, encryption, threat detection, monitoring, and policy enforcement. Used for centralized logging, audit trails, and log analytics.",
      "providers": {
        "aws": [
          "AWS CloudTrai CloudWatch Lo"
        ],
        "azure": [
          "l",
          "gs"
        ],
        "gcp": [
          "Azure Monito Logs"
        ],
        "oci": [
          "r"
        ]
      }
    },
    {
      "domain": "IoT Security",
      "capability_name": "ADMIN CONSOLE",
      "capability_id": "iot_security.admin_console",
      "used_for": "Protecting workloads and data through identity, encryption, threat detection, monitoring, and policy enforcement.",
      "providers": {
        "aws": [
          "AWS Managem Console"
        ],
        "azure": [
          "ent"
        ],
        "gcp": [
          "Azure Portal"
        ],
        "oci": []
      }
    },
    {
      "domain": "IoT Security",
      "capability_name": "MULTI-ACCOUNT MGMT",
      "capability_id": "iot_security.multi_account_mgmt",
      "used_for": "Protecting workloads and data through identity, encryption, threat detection, monitoring, and policy enforcement.",
      "providers": {
        "aws": [
          "AWS Organiza Control Tower"
        ],
        "azure": [
          "tions"
        ],
        "gcp": [
          "Azure Lightho Azure Management Groups"
        ],
        "oci": [
          "use"
        ]
      }
    },
    {
      "domain": "IoT Security",
      "capability_name": "NETWORK MONITORING",
      "capability_id": "iot_security.network_monitoring",
      "used_for": "Protecting workloads and data through identity, encryption, threat detection, monitoring, and policy enforcement. Used for monitoring, metrics, and alerting.",
      "providers": {
        "aws": [
          "AWS Network Manager"
        ],
        "azure": [],
        "gcp": [
          "Azure Networ Watcher"
        ],
        "oci": [
          "k"
        ]
      }
    },
    {
      "domain": "IoT Security",
      "capability_name": "POLICY ENFORCEMENT",
      "capability_id": "iot_security.policy_enforcement",
      "used_for": "Protecting workloads and data through identity, encryption, threat detection, monitoring, and policy enforcement.",
      "providers": {
        "aws": [
          "AWS Organiza SCPs"
        ],
        "azure": [
          "tions"
        ],
        "gcp": [
          "Azure Policy"
        ],
        "oci": []
      }
    },
    {
      "domain": "Migration",
      "capability_name": "DATABASE",
      "capability_id": "migration.database",
      "used_for": "Capability area: Migration.",
      "providers": {
        "aws": [
          "AWS"
        ],
        "azure": [
          "Database"
        ],
        "gcp": [
          "Az"
        ],
        "oci": [
          "ure Database"
        ]
      }
    },
    {
      "domain": "Migration",
      "capability_name": "MIGRATION",
      "capability_id": "migration.migration",
      "used_for": "Capability area: Migration.",
      "providers": {
        "aws": [
          "Migr (DM"
        ],
        "azure": [
          "ation Service S)"
        ],
        "gcp": [
          "Mi"
        ],
        "oci": [
          "gration Service"
        ]
      }
    },
    {
      "domain": "Migration",
      "capability_name": "DATA TRANSFER",
      "capability_id": "migration.data_transfer",
      "used_for": "Capability area: Migration.",
      "providers": {
        "aws": [
          "AWS"
        ],
        "azure": [
          "Snowball"
        ],
        "gcp": [
          "Az"
        ],
        "oci": [
          "ure Data Box"
        ]
      }
    },
    {
      "domain": "Migration",
      "capability_name": "APPLIANCES",
      "capability_id": "migration.appliances",
      "used_for": "Capability area: Migration.",
      "providers": {
        "aws": [
          "Snow"
        ],
        "azure": [
          "cone"
        ],
        "gcp": [],
        "oci": []
      }
    },
    {
      "domain": "Migration",
      "capability_name": "MIGRATION",
      "capability_id": "migration.migration",
      "used_for": "Capability area: Migration.",
      "providers": {
        "aws": [
          "AWS"
        ],
        "azure": [
          "Migration"
        ],
        "gcp": [
          "Az"
        ],
        "oci": [
          "ure Migrate &"
        ]
      }
    },
    {
      "domain": "Migration",
      "capability_name": "ACCELERATORS",
      "capability_id": "migration.accelerators",
      "used_for": "Capability area: Migration.",
      "providers": {
        "aws": [
          "Acce Prog"
        ],
        "azure": [
          "leration ram (MAP)"
        ],
        "gcp": [
          "M for"
        ],
        "oci": [
          "odernize",
          "FastTrack Azure"
        ]
      }
    },
    {
      "domain": "Migration",
      "capability_name": "ONLINE TRANSFER",
      "capability_id": "migration.online_transfer",
      "used_for": "Capability area: Migration.",
      "providers": {
        "aws": [
          "AWS"
        ],
        "azure": [
          "DataSync",
          "AWS"
        ],
        "gcp": [
          "Az"
        ],
        "oci": [
          "ure Storage Mover"
        ]
      }
    },
    {
      "domain": "Migration",
      "capability_name": "& SYNC",
      "capability_id": "migration.sync",
      "used_for": "Capability area: Migration.",
      "providers": {
        "aws": [
          "Tran"
        ],
        "azure": [
          "sfer Family"
        ],
        "gcp": [],
        "oci": []
      }
    },
    {
      "domain": "Migration",
      "capability_name": "ON-PREMISE",
      "capability_id": "migration.on_premise",
      "used_for": "Capability area: Migration.",
      "providers": {
        "aws": [
          "AWS"
        ],
        "azure": [
          "Migration"
        ],
        "gcp": [
          "Az"
        ],
        "oci": [
          "ure Migrate"
        ]
      }
    },
    {
      "domain": "Migration",
      "capability_name": "DISCOVERY",
      "capability_id": "migration.discovery",
      "used_for": "Capability area: Migration.",
      "providers": {
        "aws": [
          "Evalu Appl Disc"
        ],
        "azure": [
          "ator",
          "ication overy"
        ],
        "gcp": [],
        "oci": []
      }
    },
    {
      "domain": "Migration",
      "capability_name": "VM MIGRATION",
      "capability_id": "migration.vm_migration",
      "used_for": "Capability area: Migration.",
      "providers": {
        "aws": [
          "AWS Migr (MG"
        ],
        "azure": [
          "Application ation Service N)"
        ],
        "gcp": [
          "Az"
        ],
        "oci": [
          "ure Migrate"
        ]
      }
    },
    {
      "domain": "Migration",
      "capability_name": "Miscellaneous",
      "capability_id": "migration.miscellaneous",
      "used_for": "Capability area: Migration.",
      "providers": {
        "aws": [],
        "azure": [],
        "gcp": [],
        "oci": []
      }
    },
    {
      "domain": "Migration",
      "capability_name": "CUSTOMER",
      "capability_id": "migration.customer",
      "used_for": "Capability area: Migration.",
      "providers": {
        "aws": [],
        "azure": [
          "Amazon Connect"
        ],
        "gcp": [],
        "oci": [
          "Azure Communicatio"
        ]
      }
    },
    {
      "domain": "Migration",
      "capability_name": "MULTICHANNEL",
      "capability_id": "migration.multichannel",
      "used_for": "Capability area: Migration.",
      "providers": {
        "aws": [],
        "azure": [
          "Contact Lens"
        ],
        "gcp": [],
        "oci": [
          "Services"
        ]
      }
    },
    {
      "domain": "Migration",
      "capability_name": "CONTACT",
      "capability_id": "migration.contact",
      "used_for": "Capability area: Migration.",
      "providers": {
        "aws": [],
        "azure": [],
        "gcp": [],
        "oci": []
      }
    },
    {
      "domain": "Migration",
      "capability_name": "MARKETING &",
      "capability_id": "migration.marketing",
      "used_for": "Capability area: Migration.",
      "providers": {
        "aws": [],
        "azure": [
          "Amazon Pinpoint"
        ],
        "gcp": [],
        "oci": [
          "Azure Notification"
        ]
      }
    },
    {
      "domain": "Migration",
      "capability_name": "NOTIFICATIONS",
      "capability_id": "migration.notifications",
      "used_for": "Capability area: Migration.",
      "providers": {
        "aws": [],
        "azure": [
          "SES"
        ],
        "gcp": [],
        "oci": [
          "Hubs"
        ]
      }
    },
    {
      "domain": "Migration",
      "capability_name": "HEALTHCARE (FHIR)",
      "capability_id": "migration.healthcare_fhir",
      "used_for": "Capability area: Migration.",
      "providers": {
        "aws": [],
        "azure": [
          "AWS HealthLake"
        ],
        "gcp": [],
        "oci": [
          "Azure Health Data Services"
        ]
      }
    },
    {
      "domain": "Migration",
      "capability_name": "GAMING",
      "capability_id": "migration.gaming",
      "used_for": "Capability area: Migration.",
      "providers": {
        "aws": [],
        "azure": [
          "Amazon GameLift",
          "Lumberyard"
        ],
        "gcp": [],
        "oci": [
          "Azure PlayFab"
        ]
      }
    },
    {
      "domain": "Migration",
      "capability_name": "GENOMICS",
      "capability_id": "migration.genomics",
      "used_for": "Capability area: Migration.",
      "providers": {
        "aws": [],
        "azure": [
          "Amazon Genomics CLI"
        ],
        "gcp": [],
        "oci": [
          "Microsoft Genomics"
        ]
      }
    },
    {
      "domain": "Migration",
      "capability_name": "GEOLOCATION",
      "capability_id": "migration.geolocation",
      "used_for": "Capability area: Migration.",
      "providers": {
        "aws": [],
        "azure": [
          "Amazon Location"
        ],
        "gcp": [],
        "oci": [
          "Azure Maps"
        ]
      }
    },
    {
      "domain": "Migration",
      "capability_name": "SERVICES",
      "capability_id": "migration.services",
      "used_for": "Capability area: Migration.",
      "providers": {
        "aws": [],
        "azure": [
          "Service"
        ],
        "gcp": [],
        "oci": []
      }
    },
    {
      "domain": "Migration",
      "capability_name": "MEDIA SERVICES",
      "capability_id": "migration.media_services",
      "used_for": "Capability area: Migration.",
      "providers": {
        "aws": [],
        "azure": [
          "AWS Elemental",
          "IVS",
          "Nimble Studio"
        ],
        "gcp": [],
        "oci": [
          "Azure Video Indexer",
          "Azure Media Services"
        ]
      }
    },
    {
      "domain": "Migration",
      "capability_name": "ROBOTICS",
      "capability_id": "migration.robotics",
      "used_for": "Capability area: Migration.",
      "providers": {
        "aws": [],
        "azure": [
          "AWS RoboMaker"
        ],
        "gcp": [],
        "oci": []
      }
    },
    {
      "domain": "Migration",
      "capability_name": "SATELLITE GROUND",
      "capability_id": "migration.satellite_ground",
      "used_for": "Capability area: Migration.",
      "providers": {
        "aws": [],
        "azure": [
          "AWS Ground"
        ],
        "gcp": [],
        "oci": [
          "Azure Orbital"
        ]
      }
    },
    {
      "domain": "Migration",
      "capability_name": "STATIONS",
      "capability_id": "migration.stations",
      "used_for": "Capability area: Migration.",
      "providers": {
        "aws": [],
        "azure": [
          "Station"
        ],
        "gcp": [],
        "oci": []
      }
    },
    {
      "domain": "End User Computing & Networking",
      "capability_name": "5G EDGE INFRA",
      "capability_id": "end_user_computing_networking.5g_edge_infra",
      "used_for": "Designing connectivity, routing, segmentation, and secure access between networks, workloads, and on\u2011prem environments.",
      "providers": {
        "aws": [
          "A Pr"
        ],
        "azure": [
          "WS Wavelength",
          "ivate 5G"
        ],
        "gcp": [
          "Azure Private Azure MEC"
        ],
        "oci": [
          "5G Core"
        ]
      }
    },
    {
      "domain": "End User Computing & Networking",
      "capability_name": "API MANAGEMENT",
      "capability_id": "end_user_computing_networking.api_management",
      "used_for": "Designing connectivity, routing, segmentation, and secure access between networks, workloads, and on\u2011prem environments. Used for API management, gateways, and developer publishing.",
      "providers": {
        "aws": [
          "A Ga"
        ],
        "azure": [
          "mazon API teway"
        ],
        "gcp": [
          "Azure API Management"
        ],
        "oci": []
      }
    },
    {
      "domain": "End User Computing & Networking",
      "capability_name": "CDN",
      "capability_id": "end_user_computing_networking.cdn",
      "used_for": "Designing connectivity, routing, segmentation, and secure access between networks, workloads, and on\u2011prem environments. Used for content delivery and edge caching.",
      "providers": {
        "aws": [
          "A Cl"
        ],
        "azure": [
          "mazon oudFront"
        ],
        "gcp": [
          "Azure Front D Azure CDN"
        ],
        "oci": [
          "oor"
        ]
      }
    },
    {
      "domain": "End User Computing & Networking",
      "capability_name": "DEDICATED",
      "capability_id": "end_user_computing_networking.dedicated",
      "used_for": "Designing connectivity, routing, segmentation, and secure access between networks, workloads, and on\u2011prem environments.",
      "providers": {
        "aws": [
          "A"
        ],
        "azure": [
          "WS Direct"
        ],
        "gcp": [
          "Azure Express"
        ],
        "oci": [
          "Route"
        ]
      }
    },
    {
      "domain": "End User Computing & Networking",
      "capability_name": "CONNECTION",
      "capability_id": "end_user_computing_networking.connection",
      "used_for": "Designing connectivity, routing, segmentation, and secure access between networks, workloads, and on\u2011prem environments.",
      "providers": {
        "aws": [
          "Co"
        ],
        "azure": [
          "nnect"
        ],
        "gcp": [],
        "oci": []
      }
    },
    {
      "domain": "End User Computing & Networking",
      "capability_name": "DNS",
      "capability_id": "end_user_computing_networking.dns",
      "used_for": "Designing connectivity, routing, segmentation, and secure access between networks, workloads, and on\u2011prem environments. Used for name resolution and traffic steering.",
      "providers": {
        "aws": [
          "A"
        ],
        "azure": [
          "mazon Route 53"
        ],
        "gcp": [
          "Azure DNS"
        ],
        "oci": []
      }
    },
    {
      "domain": "End User Computing & Networking",
      "capability_name": "LOAD BALANCING",
      "capability_id": "end_user_computing_networking.load_balancing",
      "used_for": "Designing connectivity, routing, segmentation, and secure access between networks, workloads, and on\u2011prem environments. Used for distributing traffic across instances/services for availability and scale.",
      "providers": {
        "aws": [
          "EL"
        ],
        "azure": [
          "B (ALB/NLB/CLB)"
        ],
        "gcp": [
          "Azure Load B Traffic Manag"
        ],
        "oci": [
          "alancer",
          "er"
        ]
      }
    },
    {
      "domain": "End User Computing & Networking",
      "capability_name": "GLOBAL TRAFFIC",
      "capability_id": "end_user_computing_networking.global_traffic",
      "used_for": "Designing connectivity, routing, segmentation, and secure access between networks, workloads, and on\u2011prem environments.",
      "providers": {
        "aws": [
          "A"
        ],
        "azure": [
          "WS Global"
        ],
        "gcp": [
          "Azure Front D"
        ],
        "oci": [
          "oor"
        ]
      }
    },
    {
      "domain": "End User Computing & Networking",
      "capability_name": "ACCELERATION",
      "capability_id": "end_user_computing_networking.acceleration",
      "used_for": "Designing connectivity, routing, segmentation, and secure access between networks, workloads, and on\u2011prem environments.",
      "providers": {
        "aws": [
          "Ac"
        ],
        "azure": [
          "celerator"
        ],
        "gcp": [],
        "oci": []
      }
    },
    {
      "domain": "End User Computing & Networking",
      "capability_name": "NAT",
      "capability_id": "end_user_computing_networking.nat",
      "used_for": "Designing connectivity, routing, segmentation, and secure access between networks, workloads, and on\u2011prem environments.",
      "providers": {
        "aws": [
          "NA"
        ],
        "azure": [
          "T Gateway"
        ],
        "gcp": [
          "Azure NAT Ga"
        ],
        "oci": [
          "teway"
        ]
      }
    },
    {
      "domain": "End User Computing & Networking",
      "capability_name": "VPC PEERING",
      "capability_id": "end_user_computing_networking.vpc_peering",
      "used_for": "Designing connectivity, routing, segmentation, and secure access between networks, workloads, and on\u2011prem environments.",
      "providers": {
        "aws": [
          "VP"
        ],
        "azure": [
          "C Peering"
        ],
        "gcp": [
          "Azure VNet P"
        ],
        "oci": [
          "eering"
        ]
      }
    },
    {
      "domain": "End User Computing & Networking",
      "capability_name": "PRIVATE",
      "capability_id": "end_user_computing_networking.private",
      "used_for": "Designing connectivity, routing, segmentation, and secure access between networks, workloads, and on\u2011prem environments. Used for enabling private connectivity without traversing the public internet.",
      "providers": {
        "aws": [
          "A"
        ],
        "azure": [
          "WS PrivateLink"
        ],
        "gcp": [
          "Azure Private"
        ],
        "oci": [
          "Link"
        ]
      }
    },
    {
      "domain": "End User Computing & Networking",
      "capability_name": "CONNECTIVITY",
      "capability_id": "end_user_computing_networking.connectivity",
      "used_for": "Designing connectivity, routing, segmentation, and secure access between networks, workloads, and on\u2011prem environments.",
      "providers": {
        "aws": [],
        "azure": [],
        "gcp": [],
        "oci": []
      }
    },
    {
      "domain": "End User Computing & Networking",
      "capability_name": "SERVICE DISCOVERY",
      "capability_id": "end_user_computing_networking.service_discovery",
      "used_for": "Designing connectivity, routing, segmentation, and secure access between networks, workloads, and on\u2011prem environments.",
      "providers": {
        "aws": [
          "Cl La"
        ],
        "azure": [
          "oud Map",
          "VPC ttice"
        ],
        "gcp": [
          "Azure App Co Azure Sphere SD)"
        ],
        "oci": [
          "nfig",
          "(DNS-"
        ]
      }
    },
    {
      "domain": "End User Computing & Networking",
      "capability_name": "SERVICE MESH",
      "capability_id": "end_user_computing_networking.service_mesh",
      "used_for": "Designing connectivity, routing, segmentation, and secure access between networks, workloads, and on\u2011prem environments.",
      "providers": {
        "aws": [
          "Ap"
        ],
        "azure": [
          "p Mesh"
        ],
        "gcp": [
          "Open Service (OSM)"
        ],
        "oci": [
          "Mesh"
        ]
      }
    },
    {
      "domain": "End User Computing & Networking",
      "capability_name": "WAN/VPN",
      "capability_id": "end_user_computing_networking.wan_vpn",
      "used_for": "Designing connectivity, routing, segmentation, and secure access between networks, workloads, and on\u2011prem environments. Used for site\u2011to\u2011site or remote access VPN connectivity.",
      "providers": {
        "aws": [
          "A A"
        ],
        "azure": [
          "WS Cloud WAN",
          "WS VPN"
        ],
        "gcp": [
          "Azure Virtual VPN Gateway"
        ],
        "oci": [
          "WAN"
        ]
      }
    },
    {
      "domain": "End User Computing & Networking",
      "capability_name": "VPC",
      "capability_id": "end_user_computing_networking.vpc",
      "used_for": "Designing connectivity, routing, segmentation, and secure access between networks, workloads, and on\u2011prem environments.",
      "providers": {
        "aws": [
          "A"
        ],
        "azure": [
          "mazon VPC"
        ],
        "gcp": [
          "Azure Virtual"
        ],
        "oci": [
          "Network"
        ]
      }
    },
    {
      "domain": "Security",
      "capability_name": "AUDIT AND COMPLIANCE",
      "capability_id": "security.audit_and_compliance",
      "used_for": "Protecting workloads and data through identity, encryption, threat detection, monitoring, and policy enforcement.",
      "providers": {
        "aws": [
          "AWS Artifact",
          "AWS Audit Manager"
        ],
        "azure": [
          "Microsoft Service Trust Portal"
        ],
        "gcp": [
          "Assured Workloads"
        ],
        "oci": [
          "Oracle Risk Management OCI Audit Log"
        ]
      }
    },
    {
      "domain": "Security",
      "capability_name": "CENTRALIZED SECURITY",
      "capability_id": "security.centralized_security",
      "used_for": "Protecting workloads and data through identity, encryption, threat detection, monitoring, and policy enforcement.",
      "providers": {
        "aws": [
          "AWS Security"
        ],
        "azure": [
          "Microsoft Defender"
        ],
        "gcp": [
          "Security"
        ],
        "oci": [
          "Oracle Cloud"
        ]
      }
    },
    {
      "domain": "Security",
      "capability_name": "MGMT",
      "capability_id": "security.mgmt",
      "used_for": "Protecting workloads and data through identity, encryption, threat detection, monitoring, and policy enforcement.",
      "providers": {
        "aws": [
          "Hub"
        ],
        "azure": [
          "for Cloud"
        ],
        "gcp": [
          "Command Center (SCC)"
        ],
        "oci": []
      }
    },
    {
      "domain": "Security",
      "capability_name": "CERTIFICATE MANAGEMENT",
      "capability_id": "security.certificate_management",
      "used_for": "Protecting workloads and data through identity, encryption, threat detection, monitoring, and policy enforcement.",
      "providers": {
        "aws": [
          "AWS Certificate Manager"
        ],
        "azure": [
          "Azure App Service Certificates"
        ],
        "gcp": [
          "Certificate Authority Service"
        ],
        "oci": [
          "Oracle Certific Management Certificates)"
        ]
      }
    },
    {
      "domain": "Security",
      "capability_name": "CONFIDENTIAL COMPUTING",
      "capability_id": "security.confidential_computing",
      "used_for": "Protecting workloads and data through identity, encryption, threat detection, monitoring, and policy enforcement.",
      "providers": {
        "aws": [
          "AWS Nitro Enclaves"
        ],
        "azure": [
          "Azure Confidential Computing"
        ],
        "gcp": [
          "Confidential Computing"
        ],
        "oci": [
          "Not Publicly A"
        ]
      }
    },
    {
      "domain": "Security",
      "capability_name": "CONTAINER SECURITY",
      "capability_id": "security.container_security",
      "used_for": "Protecting workloads and data through identity, encryption, threat detection, monitoring, and policy enforcement. Used for container orchestration and container runtime support.",
      "providers": {
        "aws": [
          "Amazon ECR",
          "Inspector"
        ],
        "azure": [
          "Microsoft Defender for Containers"
        ],
        "gcp": [
          "Binary Authorization",
          "Artifact Analysis"
        ],
        "oci": [
          "Oracle Contai Security in OC DevOps"
        ]
      }
    },
    {
      "domain": "Security",
      "capability_name": "DATA DISCOVERY/CLASSIFICATION",
      "capability_id": "security.data_discovery_classification",
      "used_for": "Protecting workloads and data through identity, encryption, threat detection, monitoring, and policy enforcement.",
      "providers": {
        "aws": [
          "Amazon Macie"
        ],
        "azure": [
          "Azure Information Protection",
          "Data Catalog"
        ],
        "gcp": [
          "DLP API",
          "Data Catalog"
        ],
        "oci": [
          "Oracle Data S"
        ]
      }
    },
    {
      "domain": "Security",
      "capability_name": "DDOS PROTECTION",
      "capability_id": "security.ddos_protection",
      "used_for": "Protecting workloads and data through identity, encryption, threat detection, monitoring, and policy enforcement. Used for protecting against distributed denial\u2011of\u2011service attacks.",
      "providers": {
        "aws": [
          "AWS Shield",
          "AWS WAF"
        ],
        "azure": [
          "Azure DDoS Protection",
          "Azure WAF"
        ],
        "gcp": [
          "Google Cloud Armor"
        ],
        "oci": [
          "Oracle Web Application Fi (WAF)"
        ]
      }
    },
    {
      "domain": "Security",
      "capability_name": "IDENTITY & ACCESS MGMT",
      "capability_id": "security.identity_access_mgmt",
      "used_for": "Protecting workloads and data through identity, encryption, threat detection, monitoring, and policy enforcement. Used for identity, access management, and federation.",
      "providers": {
        "aws": [
          "AWS IAM"
        ],
        "azure": [
          "Azure AD",
          "Microsoft"
        ],
        "gcp": [
          "Identity Platform"
        ],
        "oci": [
          "Oracle Identit"
        ]
      }
    },
    {
      "domain": "Security",
      "capability_name": "(IAM)",
      "capability_id": "security.iam",
      "used_for": "Protecting workloads and data through identity, encryption, threat detection, monitoring, and policy enforcement.",
      "providers": {
        "aws": [],
        "azure": [
          "Entra"
        ],
        "gcp": [
          "IAM"
        ],
        "oci": [
          "Access Manag"
        ]
      }
    },
    {
      "domain": "Security",
      "capability_name": "CERTIFICATE/KEY",
      "capability_id": "security.certificate_key",
      "used_for": "Protecting workloads and data through identity, encryption, threat detection, monitoring, and policy enforcement.",
      "providers": {
        "aws": [
          "AWS KMS"
        ],
        "azure": [
          "Azure Key Vault"
        ],
        "gcp": [
          "Cloud KMS",
          "Cloud"
        ],
        "oci": [
          "Oracle Cloud"
        ]
      }
    },
    {
      "domain": "Security",
      "capability_name": "MANAGEMENT",
      "capability_id": "security.management",
      "used_for": "Protecting workloads and data through identity, encryption, threat detection, monitoring, and policy enforcement.",
      "providers": {
        "aws": [
          "CloudHSM"
        ],
        "azure": [
          "Azure Dedicated HSM"
        ],
        "gcp": [
          "HSM"
        ],
        "oci": [
          "Infrastructure"
        ]
      }
    },
    {
      "domain": "Security",
      "capability_name": "MICROSOFT AD SUPPORT",
      "capability_id": "security.microsoft_ad_support",
      "used_for": "Protecting workloads and data through identity, encryption, threat detection, monitoring, and policy enforcement.",
      "providers": {
        "aws": [
          "AWS Directory Service for Microsoft AD"
        ],
        "azure": [
          "Microsoft Entra Domain Services"
        ],
        "gcp": [
          "Managed AD"
        ],
        "oci": [
          "Oracle Manag Microsoft AD"
        ]
      }
    },
    {
      "domain": "Security",
      "capability_name": "REGULATED CLOUD ZONES",
      "capability_id": "security.regulated_cloud_zones",
      "used_for": "Protecting workloads and data through identity, encryption, threat detection, monitoring, and policy enforcement.",
      "providers": {
        "aws": [
          "AWS GovCloud"
        ],
        "azure": [
          "Azure Government"
        ],
        "gcp": [
          "Assured Workloads"
        ],
        "oci": [
          "Oracle Govern Cloud Regions"
        ]
      }
    },
    {
      "domain": "Security",
      "capability_name": "RESOURCE ACCESS POLICIES",
      "capability_id": "security.resource_access_policies",
      "used_for": "Protecting workloads and data through identity, encryption, threat detection, monitoring, and policy enforcement.",
      "providers": {
        "aws": [
          "AWS Resource Access Manager"
        ],
        "azure": [
          "Azure Resource Manager"
        ],
        "gcp": [
          "Resource Manager"
        ],
        "oci": [
          "OCI Compart Policies"
        ]
      }
    },
    {
      "domain": "Security",
      "capability_name": "SECRETS MANAGEMENT",
      "capability_id": "security.secrets_management",
      "used_for": "Protecting workloads and data through identity, encryption, threat detection, monitoring, and policy enforcement. Used for storing and rotating application secrets.",
      "providers": {
        "aws": [
          "AWS Secrets Manager"
        ],
        "azure": [
          "Azure Key Vault (Secrets)"
        ],
        "gcp": [
          "Secret Manager"
        ],
        "oci": [
          "Oracle Secrets Vault"
        ]
      }
    },
    {
      "domain": "Security",
      "capability_name": "CONTEXT-BASED ACCESS",
      "capability_id": "security.context_based_access",
      "used_for": "Protecting workloads and data through identity, encryption, threat detection, monitoring, and policy enforcement.",
      "providers": {
        "aws": [
          "AWS Verified Access"
        ],
        "azure": [
          "Microsoft Entra Application Proxy",
          "Conditional Access"
        ],
        "gcp": [
          "Identity-Aware Proxy (IAP)"
        ],
        "oci": [
          "Oracle IAM Co"
        ]
      }
    }
  ]
}