{
  "version": "0.1.0",
  "patterns": [
    {
      "pattern_id": "core.landing_zone.v1",
      "name": "Core Landing Zone",
      "used_for": "Foundational multi-account/subscription/project setup with identity, logging, security baseline, and network segmentation.",
      "capabilities": [
        "iot_security.logging",
        "iot_security.monitoring",
        "iot_security.network_monitoring",
        "end_user_computing_networking.vpc_peering",
        "end_user_computing_networking.vpc"
      ]
    },
    {
      "pattern_id": "net.private_connectivity.v1",
      "name": "Private Connectivity",
      "used_for": "Private service access and private connectivity patterns for regulated or sensitive workloads.",
      "capabilities": [
        "end_user_computing_networking.private",
        "compute.dedicated_servers",
        "end_user_computing_networking.dedicated",
        "end_user_computing_networking.wan_vpn",
        "end_user_computing_networking.dns"
      ]
    },
    {
      "pattern_id": "sec.edge_protection.v1",
      "name": "Edge Protection (CDN + WAF + DDoS)",
      "used_for": "Protect and accelerate public web apps with CDN, WAF, and DDoS controls.",
      "capabilities": [
        "end_user_computing_networking.cdn",
        "security.ddos_protection",
        "end_user_computing_networking.load_balancing"
      ]
    },
    {
      "pattern_id": "data.warehouse.v1",
      "name": "Data Warehousing",
      "used_for": "Centralized analytical warehouse for structured BI/reporting.",
      "capabilities": [
        "analytics.data_warehousing",
        "analytics.etl",
        "analytics.big_data_processing",
        "cost_controls.billing_and",
        "iot.web_mobile_app"
      ]
    },
    {
      "pattern_id": "app.api_integration.v1",
      "name": "API & Integration",
      "used_for": "Expose and integrate services via API gateways, workflows, and eventing.",
      "capabilities": [
        "application_integration_developer_tools.api_management",
        "end_user_computing_networking.api_management",
        "application_integration_developer_tools.distributed",
        "application_integration_developer_tools.messaging",
        "application_integration_developer_tools.event_handling"
      ]
    },
    {
      "pattern_id": "platform.container.v1",
      "name": "Container Platform",
      "used_for": "Run containerized workloads on managed Kubernetes/container orchestration.",
      "capabilities": [
        "compute.kubernetes",
        "ai_and_machine_learning.ai_containers",
        "compute.containers",
        "compute.container",
        "security.container_security"
      ]
    },
    {
      "pattern_id": "mig.factory.v1",
      "name": "Migration Factory",
      "used_for": "Standardized migration pipeline for servers, databases, and data transfer.",
      "capabilities": [
        "migration.database",
        "migration.migration",
        "migration.data_transfer",
        "migration.appliances",
        "migration.accelerators",
        "migration.online_transfer",
        "migration.sync",
        "migration.on_premise",
        "migration.discovery",
        "migration.vm_migration",
        "migration.miscellaneous",
        "migration.customer",
        "migration.multichannel",
        "migration.contact",
        "migration.marketing",
        "migration.notifications",
        "migration.healthcare_fhir",
        "migration.gaming",
        "migration.genomics",
        "migration.geolocation",
        "migration.services",
        "migration.media_services",
        "migration.robotics",
        "migration.satellite_ground",
        "migration.stations"
      ]
    }
  ]
}